{
  "project_info": {
    "project_number": "142649912088",
    "firebase_url": "https://ilearncentral-90d51.firebaseio.com",
    "project_id": "ilearncentral-90d51",
    "storage_bucket": "ilearncentral-90d51.appspot.com"
  },
  "client": [
    {
      "client_info": {
        "mobilesdk_app_id": "1:142649912088:android:434dd35739af74d240cc6d",
        "android_client_info": {
          "package_name": "com.project.ilearncentral"
        }
      },
      "oauth_client": [
        {
          "client_id": "142649912088-mkiunh231fpu6ic1jrpv1124tfqf9es9.apps.googleusercontent.com",
          "client_type": 1,
          "android_info": {
            "package_name": "com.project.ilearncentral",
            "certificate_hash": "8e3392c080f9739b59af95228477e23b0c716938"
          }
        },
        {
          "client_id": "142649912088-tpb7mor8k1eafko191koiqtcmuojn502.apps.googleusercontent.com",
          "client_type": 1,
          "android_info": {
            "package_name": "com.project.ilearncentral",
            "certificate_hash": "9795371ce30186bb98c79c183b150b9dbbca7cff"
          }
        },
        {
          "client_id": "142649912088-ulgnrkq4pvd6slbqvdn16tq8aa4i5tpi.apps.googleusercontent.com",
          "client_type": 1,
          "android_info": {
            "package_name": "com.project.ilearncentral",
            "certificate_hash": "371b1a2dcda36e23e8fcf489fe147cc196025df6"
          }
        },
        {
          "client_id": "142649912088-r6feocauhe48aaep54buu6hv50hnq3c5.apps.googleusercontent.com",
          "client_type": 3
        }
      ],
      "api_key": [
        {
          "current_key": "AIzaSyA8w92340BnKH7QSJxc25vQckDyFZca-WI"
        }
      ],
      "services": {
        "appinvite_service": {
          "other_platform_oauth_client": [
            {
              "client_id": "142649912088-r6feocauhe48aaep54buu6hv50hnq3c5.apps.googleusercontent.com",
              "client_type": 3
            }
          ]
        }
      }
    }
  ],
  "configuration_version": "1"
}