{
  "project_info": {
    "project_number": "502259439795",
    "firebase_url": "https://sinkingfund-b5e67.firebaseio.com",
    "project_id": "sinkingfund-b5e67",
    "storage_bucket": "sinkingfund-b5e67.appspot.com"
  },
  "client": [
    {
      "client_info": {
        "mobilesdk_app_id": "1:502259439795:android:268637ab5c50a640b4f8c6",
        "android_client_info": {
          "package_name": "com.google.shiongie.sinkingfund"
        }
      },
      "oauth_client": [
        {
          "client_id": "502259439795-4a2mbgni04flrdr1n474qoog596bi6gv.apps.googleusercontent.com",
          "client_type": 1,
          "android_info": {
            "package_name": "com.google.shiongie.sinkingfund",
            "certificate_hash": "9795371ce30186bb98c79c183b150b9dbbca7cff"
          }
        },
        {
          "client_id": "502259439795-bee0migg0jvtsd4ft21laids0enmr0j3.apps.googleusercontent.com",
          "client_type": 3
        }
      ],
      "api_key": [
        {
          "current_key": "AIzaSyDj9KLrwZ7VrAXFbtQo_hgXRpW1rr9I1ps"
        }
      ],
      "services": {
        "appinvite_service": {
          "other_platform_oauth_client": [
            {
              "client_id": "502259439795-bee0migg0jvtsd4ft21laids0enmr0j3.apps.googleusercontent.com",
              "client_type": 3
            }
          ]
        }
      }
    }
  ],
  "configuration_version": "1"
}